﻿Designator,Footprint,Quantity,Value,LCSC Part #
BT1,BatteryHolder_MYOUNG_BS-07-A1BJ001_CR2032,1,CR2032,
"C1, C2, C3",0603,3,100n,
"D1, D10, D11, D12, D13, D14, D15, D16, D17, D18, D19, D2, D20, D21, D22, D23, D24, D25, D26, D27, D28, D29, D3, D30, D31, D32, D33, D34, D35, D36, D37, D38, D39, D4, D40, D41, D42, D43, D44, D45, D46, D47, D48, D49, D5, D50, D51, D52, D53, D54, D55, D56, D57, D58, D59, D6, D60, D61, D62, D63, D64, D65, D66, D7, D8, D9",0603,66,LED,
J1,PinSocket_1x08_P2.54mm_Vertical,1,FILAS,
J2,PinSocket_1x08_P2.54mm_Vertical,1,COLUMNAS,
J3,PinHeader_1x04_P2.54mm_Vertical,1,SWD,
J4,PinHeader_1x04_P2.54mm_Vertical,1,USART,
J5,PinHeader_1x08_P2.54mm_Vertical,1,FILAS,
J6,PinHeader_1x08_P2.54mm_Vertical,1,COL,
R1,0603,1,10k,
"R10, R11, R4, R5, R6, R7, R8, R9",0402,8,220,
R2,0603,1,220,
R3,0603,1,120,
SW1,TS24CA,1,BT1,
SW2_2,SW_SPDT_PCM12,1,P_ON,
SW2,TS24CA,1,BT2,
U1,QFN-32-1EP_5x5mm_P0.5mm_EP3.45x3.45mm,1,STM32F051K8Ux,
